case,dice,assd_mm,hd95_mm,surface_dice_1mm,surface_dice_2mm,gt_mt_voxels,pred_mt_voxels,volume_error_pct,spacing_mm
FileB13_MT_L,0.48960973137354286,1.114767478946134,5.0990195135927845,0.7455651292448049,0.8322351748606184,951,1022,7.465825446898002,1.000x1.000x1.000
FileB13_MT_R,0.7681111478663579,0.43710791027567725,2.449489742783178,0.870325061167424,0.9269486193638588,1292,1731,33.978328173374614,1.000x1.000x1.000
FileB16_MT_R,0.9676504232441089,0.20906916643371506,1.0,0.9795155385933484,0.9911986914868759,22061,21649,-1.8675490684919087,1.000x1.000x1.000
FileU1_MT_R,0.8820224719101124,0.3014720825237208,1.4142135623730951,0.9343854852740152,0.9619734062383497,5673,5007,-11.739820200951877,1.000x1.000x1.000
FileU2_MT_L,0.7725576007208135,0.42508815091792884,2.8284271247461903,0.8832065370526909,0.9227951535643844,4441,3328,-25.061922990317495,1.000x1.000x1.000
FileU36_MT_L,0.6503728251864126,1.3723064112917294,9.515740449020498,0.7533632286995515,0.7937219730941704,906,1508,66.4459161147903,1.000x1.000x1.000
FileU42_MT_L,0.811193526635199,0.6486050741124656,4.123105625617661,0.8821989528795812,0.9153577661431065,1481,1485,0.2700877785280216,1.000x1.000x1.000
FileU46_MT_R,0.8340943683409436,0.34825314299173893,1.7320508075688772,0.9351941747572815,0.9570388349514564,2219,2380,7.255520504731861,1.000x1.000x1.000
FileU7_MT_L,0.8289933651994007,0.5569955328650169,4.0,0.8649428049601077,0.905988657118139,7781,6236,-19.85605963243799,1.000x1.000x1.000
