fold,case,dice,precision,recall,gt_mt_voxels,pred_mt_voxels
0,FileB13_MT_L,0.48960973137354286,0.4726027397260274,0.5078864353312302,951,1022
0,FileB13_MT_R,0.7681111478663579,0.6707105719237435,0.8986068111455109,1292,1731
0,FileB16_MT_R,0.9676504232441089,0.9768580534897686,0.9586147500113322,22061,21649
0,FileU1_MT_R,0.8820224719101124,0.9406830437387658,0.8302485457429931,5673,5007
0,FileU2_MT_L,0.7725576007208135,0.9017427884615384,0.675748705246566,4441,3328
0,FileU36_MT_L,0.6503728251864126,0.5205570291777188,0.8664459161147903,906,1508
0,FileU42_MT_L,0.811193526635199,0.8101010101010101,0.812288993923025,1481,1485
0,FileU46_MT_R,0.8340943683409436,0.8058823529411765,0.8643533123028391,2219,2380
0,FileU7_MT_L,0.8289933651994007,0.931686978832585,0.746690656727927,7781,6236
1,FileB11_MT_L,0.761686143572621,0.9761968440759561,0.6244653550042771,5845,3739
1,FileB11_MT_R,0.730680948737567,0.6806842480399145,0.7886044591246903,1211,1403
1,FileB25_MT_L,0.7486935866983373,0.8442857142857143,0.6725462304409673,3515,2800
1,FileB25_MT_R,0.7864366448542535,0.9442857142857143,0.6738022426095821,4905,3500
1,FileB6_MT_L,0.9119883572857922,0.9104314978933604,0.9135505503316568,13719,13766
1,FileB6_MT_R,0.777271508978826,0.7125307125307125,0.8549528301886793,1696,2035
1,FileU15_MT_L,0.9518451543768,0.9512717536813923,0.9524192467497654,7461,7470
1,FileU23_MT_L,0.5594350725774814,0.47062706270627064,0.6895551257253385,1034,1515
1,FileU44_MT_L,0.7462850853054486,0.6831234256926952,0.8223165554881746,1649,1985
1,FileU47_MT_R,0.9584903904323142,0.9657710882918367,0.9513186457900328,21651,21327
1,FileU5_MT_L,0.7112068965517241,0.7783018867924528,0.6547619047619048,504,424
1,FileU6_MT_R,0.8416873449131513,0.755120213713268,0.9506726457399103,6244,7861
2,FileB14_MT_L,0.8507216494845361,0.7577594123048669,0.9696827262044654,4255,5445
2,FileB14_MT_R,0.9526861302318221,0.9424702567313713,0.963125899856023,12502,12776
2,FileB22_MT_L,0.917279869183463,0.9657185628742515,0.873468282445332,14771,13360
2,FileB22_MT_R,0.7765331035473215,0.8868295883221257,0.6906373738663941,7829,6097
2,FileU17_MT_L,0.9532507949394493,0.9392081055859218,0.9677197802197802,7280,7501
2,FileU26_MT_R,0.841692789968652,0.9322916666666666,0.7671428571428571,1400,1152
2,FileU37_MT_R,0.7210362197169585,0.7805764736432096,0.6699353688433252,4487,3851
2,FileU38_MT_R,0.8232611174458381,0.7850451656072265,0.8653881615342062,5423,5978
2,FileU40_MT_L,0.9323308270676691,0.987199500468311,0.8832402234636871,3580,3203
2,FileU41_MT_L,0.7130568750802414,0.7493254182406908,0.6801371540533921,4083,3706
2,FileU8_MT_L,0.8063829787234043,0.7792341300436906,0.8354918710388537,3629,3891
2,FileU8_MT_R,0.8175990675990676,0.932845744680851,0.7276970954356846,1928,1504
3,FileB15_MT_L,0.8893967093235832,0.8943014705882353,0.8845454545454545,1100,1088
3,FileB15_MT_R,0.33114754098360655,0.7890625,0.2095435684647303,482,128
3,FileB9_MT_L,0.795346062052506,0.8555840821566111,0.7430323299888517,1794,1558
3,FileB9_MT_R,0.8037079953650058,0.807638565440149,0.7998154981549815,2168,2147
3,FileU10_MT_L,0.8336106489184693,0.8549488054607508,0.8133116883116883,1232,1172
3,FileU11_MT_L,0.9508810430517007,0.9841015364061456,0.9198301698301699,8008,7485
3,FileU12_MT_L,0.8572184029613961,0.9173740803621958,0.8044665012406947,2015,1767
3,FileU14_MT_L,0.9254402397901836,0.9861066751836474,0.8718057320344487,7083,6262
3,FileU18_MT_R,0.9313825709174547,0.9707018244772939,0.8951246469360187,8143,7509
3,FileU19_MT_R,0.8314654260943117,0.9144186046511628,0.762310973245444,2579,2150
3,FileU22_MT_L,0.8346699568167798,0.822992700729927,0.8466833541927409,1598,1644
3,FileU29_MT_L,0.85600434703858,0.8840254395809951,0.8297050561797753,2848,2673
4,FileB20_MT_L,0.5656401944894651,0.6069565217391304,0.5295902883156297,2636,2300
4,FileB20_MT_R,0.5679284576748744,0.5787765293383271,0.5574795574795575,4158,4005
4,FileB2_MT_L,0.888715953307393,0.9299674267100977,0.8509687034277198,1342,1228
4,FileB2_MT_R,0.8082045817794352,0.8892145369284877,0.74072265625,2048,1706
4,FileB3_MT_R,0.8539799683711122,0.7846936304189877,0.9366869037294016,3459,4129
4,FileU20_MT_R,0.7367370222475755,0.6939817302525524,0.7851063829787234,3290,3722
4,FileU25_MT_L,0.8414785413048871,0.9234119782214156,0.772899893665502,6583,5510
4,FileU31_MT_R,0.8731182795698925,0.9575471698113207,0.8023715415019763,2530,2120
4,FileU32_MT_L,0.6857825567502986,0.5545893719806764,0.8982785602503912,639,1035
4,FileU51_MT_R,0.9096955743156817,0.97131931166348,0.8554245850372865,4157,3661
4,FileU52_MT_L,0.9437438699733782,0.9403839441535776,0.9471278914434367,14223,14325
4,FileU9_MT_L,0.7308132875143184,0.671578947368421,0.8015075376884422,1990,2375
