minimum_mt_probability,minimum_mt_margin,mean_dice,mean_precision,mean_recall
0.34,0.28,0.7616150004438222,0.7417485443055543,0.8246286450371471
0.36000000000000004,0.28,0.7616150004438222,0.7417485443055543,0.8246286450371471
0.38000000000000006,0.28,0.7616150004438222,0.7417485443055543,0.8246286450371471
0.4000000000000001,0.28,0.7616150004438222,0.7417485443055543,0.8246286450371471
0.4200000000000001,0.28,0.7616150004438222,0.7417485443055543,0.8246286450371471
0.4400000000000001,0.28,0.7616150004438222,0.7417485443055543,0.8246286450371471
0.46000000000000013,0.28,0.7616150004438222,0.7417485443055543,0.8246286450371471
0.48000000000000015,0.28,0.7616150004438222,0.7417485443055543,0.8246286450371471
0.5000000000000002,0.28,0.7616150004438222,0.7417485443055543,0.8246286450371471
0.5200000000000002,0.28,0.7616150004438222,0.7417485443055543,0.8246286450371471
0.5400000000000003,0.28,0.7616150004438222,0.7417485443055543,0.8246286450371471
0.34,0.3,0.7614901865276854,0.7427118951322139,0.8229542267165155
0.36000000000000004,0.3,0.7614901865276854,0.7427118951322139,0.8229542267165155
0.38000000000000006,0.3,0.7614901865276854,0.7427118951322139,0.8229542267165155
0.4000000000000001,0.3,0.7614901865276854,0.7427118951322139,0.8229542267165155
0.4200000000000001,0.3,0.7614901865276854,0.7427118951322139,0.8229542267165155
0.4400000000000001,0.3,0.7614901865276854,0.7427118951322139,0.8229542267165155
0.46000000000000013,0.3,0.7614901865276854,0.7427118951322139,0.8229542267165155
0.48000000000000015,0.3,0.7614901865276854,0.7427118951322139,0.8229542267165155
0.5000000000000002,0.3,0.7614901865276854,0.7427118951322139,0.8229542267165155
0.5200000000000002,0.3,0.7614901865276854,0.7427118951322139,0.8229542267165155
0.5400000000000003,0.3,0.7614901865276854,0.7427118951322139,0.8229542267165155
0.5600000000000003,0.3,0.7614600722271053,0.742727734674806,0.822870288359914
0.5600000000000003,0.28,0.7614382981197537,0.7416972165413054,0.8242718626166742
0.34,0.26,0.7614067717406303,0.7406894559658045,0.825636430433883
0.36000000000000004,0.26,0.7614067717406303,0.7406894559658045,0.825636430433883
0.38000000000000006,0.26,0.7614067717406303,0.7406894559658045,0.825636430433883
0.4000000000000001,0.26,0.7614067717406303,0.7406894559658045,0.825636430433883
0.4200000000000001,0.26,0.7614067717406303,0.7406894559658045,0.825636430433883
0.4400000000000001,0.26,0.7614067717406303,0.7406894559658045,0.825636430433883
0.46000000000000013,0.26,0.7614067717406303,0.7406894559658045,0.825636430433883
0.48000000000000015,0.26,0.7614067717406303,0.7406894559658045,0.825636430433883
0.5000000000000002,0.26,0.7614067717406303,0.7406894559658045,0.825636430433883
0.34,0.24,0.7614061832213246,0.7394698996395535,0.8275115624289873
0.36000000000000004,0.24,0.7614061832213246,0.7394698996395535,0.8275115624289873
0.38000000000000006,0.24,0.7614061832213246,0.7394698996395535,0.8275115624289873
0.4000000000000001,0.24,0.7614061832213246,0.7394698996395535,0.8275115624289873
0.4200000000000001,0.24,0.7614061832213246,0.7394698996395535,0.8275115624289873
0.4400000000000001,0.24,0.7614061832213246,0.7394698996395535,0.8275115624289873
0.46000000000000013,0.24,0.7614061832213246,0.7394698996395535,0.8275115624289873
0.48000000000000015,0.24,0.7614061832213246,0.7394698996395535,0.8275115624289873
0.5000000000000002,0.24,0.7614061832213246,0.7394698996395535,0.8275115624289873
0.5200000000000002,0.26,0.7613906682499212,0.7406860659192737,0.8256114110438557
0.5400000000000003,0.26,0.7613906682499212,0.7406860659192737,0.8256114110438557
0.5800000000000003,0.3,0.7613590517598973,0.7427194629204465,0.8226233187526323
0.6000000000000003,0.3,0.7613498343830876,0.742813430302302,0.8224728865368143
0.5800000000000003,0.28,0.7613399933527046,0.7416937444584355,0.8240248930093925
0.5200000000000002,0.24,0.7613252164025857,0.739424122383731,0.8273697069599788
0.5400000000000003,0.24,0.7612791677209526,0.7394047538085421,0.8272528708809976
0.6000000000000003,0.28,0.7612532439028674,0.741742819873435,0.8237383083761256
0.5600000000000003,0.26,0.7612089306189899,0.7406341598410422,0.825244555543186
0.5600000000000003,0.24,0.7611828119331272,0.7394810315978319,0.8268809788402295
0.6200000000000003,0.3,0.7611692289158518,0.7428363021165382,0.8219684369405903
0.5800000000000003,0.26,0.7611047839924814,0.7406499600371436,0.8249729634428513
0.5800000000000003,0.24,0.7610852998436454,0.7395179350791405,0.8266043501997964
0.6000000000000003,0.24,0.7610718310670217,0.7397261290349705,0.8262685205804235
0.6200000000000003,0.28,0.7610598370727968,0.7418190577025392,0.8231237419267531
0.6000000000000003,0.26,0.7610532543641635,0.7407673112687588,0.8246617563165315
0.6400000000000003,0.3,0.7610117124621845,0.7430720227949926,0.8213026371358859
0.6600000000000004,0.0,0.7609524392887081,0.7445262932261195,0.8192299591835632
0.6600000000000004,0.02,0.7609524392887081,0.7445262932261195,0.8192299591835632
0.6600000000000004,0.04,0.7609524392887081,0.7445262932261195,0.8192299591835632
0.6600000000000004,0.06,0.7609524392887081,0.7445262932261195,0.8192299591835632
0.6600000000000004,0.08,0.7609524392887081,0.7445262932261195,0.8192299591835632
0.6600000000000004,0.1,0.7609524392887081,0.7445262932261195,0.8192299591835632
0.6600000000000004,0.12,0.7609524392887081,0.7445262932261195,0.8192299591835632
0.6600000000000004,0.14,0.7609524392887081,0.7445262932261195,0.8192299591835632
0.6600000000000004,0.16,0.7609524392887081,0.7445262932261195,0.8192299591835632
0.6600000000000004,0.18,0.7609524392887081,0.7445262932261195,0.8192299591835632
0.6600000000000004,0.2,0.7609524392887081,0.7445262932261195,0.8192299591835632
0.6600000000000004,0.22,0.7609524392887081,0.7445262932261195,0.8192299591835632
0.6600000000000004,0.24,0.7609524392887081,0.7445262932261195,0.8192299591835632
0.6600000000000004,0.26,0.7609524392887081,0.7445262932261195,0.8192299591835632
0.6600000000000004,0.28,0.7609524392887081,0.7445262932261195,0.8192299591835632
0.6600000000000004,0.3,0.7609524392887081,0.7445262932261195,0.8192299591835632
0.6400000000000003,0.0,0.7609160184039667,0.7423790420020735,0.8220468148291622
0.6400000000000003,0.02,0.7609160184039667,0.7423790420020735,0.8220468148291622
0.6400000000000003,0.04,0.7609160184039667,0.7423790420020735,0.8220468148291622
0.6400000000000003,0.06,0.7609160184039667,0.7423790420020735,0.8220468148291622
0.6400000000000003,0.08,0.7609160184039667,0.7423790420020735,0.8220468148291622
0.6400000000000003,0.1,0.7609160184039667,0.7423790420020735,0.8220468148291622
0.6400000000000003,0.12,0.7609160184039667,0.7423790420020735,0.8220468148291622
0.6400000000000003,0.14,0.7609160184039667,0.7423790420020735,0.8220468148291622
0.6400000000000003,0.16,0.7609160184039667,0.7423790420020735,0.8220468148291622
0.6400000000000003,0.18,0.7609160184039667,0.7423790420020735,0.8220468148291622
0.6400000000000003,0.2,0.7609160184039667,0.7423790420020735,0.8220468148291622
0.6400000000000003,0.22,0.7609160184039667,0.7423790420020735,0.8220468148291622
0.6400000000000003,0.24,0.7609160184039667,0.7423790420020735,0.8220468148291622
0.6400000000000003,0.26,0.7609160184039667,0.7423790420020735,0.8220468148291622
0.6400000000000003,0.28,0.7609160184039667,0.7423790420020735,0.8220468148291622
0.6200000000000003,0.26,0.7608991779245352,0.7409733315135475,0.8238979353851652
0.6200000000000003,0.0,0.7608659779288985,0.7401667402425016,0.8250189110830634
0.6200000000000003,0.02,0.7608659779288985,0.7401667402425016,0.8250189110830634
0.6200000000000003,0.04,0.7608659779288985,0.7401667402425016,0.8250189110830634
0.6200000000000003,0.06,0.7608659779288985,0.7401667402425016,0.8250189110830634
0.6200000000000003,0.08,0.7608659779288985,0.7401667402425016,0.8250189110830634
0.6200000000000003,0.1,0.7608659779288985,0.7401667402425016,0.8250189110830634
0.6200000000000003,0.12,0.7608659779288985,0.7401667402425016,0.8250189110830634
0.6200000000000003,0.14,0.7608659779288985,0.7401667402425016,0.8250189110830634
0.6200000000000003,0.16,0.7608659779288985,0.7401667402425016,0.8250189110830634
0.6200000000000003,0.18,0.7608659779288985,0.7401667402425016,0.8250189110830634
0.6200000000000003,0.2,0.7608659779288985,0.7401667402425016,0.8250189110830634
0.6200000000000003,0.22,0.7608659779288985,0.7401667402425016,0.8250189110830634
0.6200000000000003,0.24,0.7608659779288985,0.7401667402425016,0.8250189110830634
0.48000000000000015,0.14,0.7607334102263091,0.7331861135335017,0.8356613539359731
0.46000000000000013,0.14,0.7607169952079518,0.7330899200484218,0.835776742666643
0.48000000000000015,0.16,0.7607027118002149,0.7342228012133094,0.8339840576009457
0.46000000000000013,0.16,0.7607010915690419,0.7341537949896952,0.8340944097915172
0.34,0.16,0.760665410194463,0.7341036036274213,0.8341086895898865
0.36000000000000004,0.16,0.760665410194463,0.7341036036274213,0.8341086895898865
0.38000000000000006,0.16,0.760665410194463,0.7341036036274213,0.8341086895898865
0.4000000000000001,0.16,0.760665410194463,0.7341036036274213,0.8341086895898865
0.4200000000000001,0.16,0.760665410194463,0.7341036036274213,0.8341086895898865
0.4400000000000001,0.16,0.760665410194463,0.7341036036274213,0.8341086895898865
0.4400000000000001,0.14,0.7606604868449556,0.7330143771075838,0.8357910224650122
0.34,0.14,0.7606514438746428,0.732993013539113,0.8357910224650122
0.36000000000000004,0.14,0.7606514438746428,0.732993013539113,0.8357910224650122
0.38000000000000006,0.14,0.7606514438746428,0.732993013539113,0.8357910224650122
0.4000000000000001,0.14,0.7606514438746428,0.732993013539113,0.8357910224650122
0.4200000000000001,0.14,0.7606514438746428,0.732993013539113,0.8357910224650122
0.34,0.22,0.7606246837721133,0.7376221084292198,0.8284651463508056
0.36000000000000004,0.22,0.7606246837721133,0.7376221084292198,0.8284651463508056
0.38000000000000006,0.22,0.7606246837721133,0.7376221084292198,0.8284651463508056
0.4000000000000001,0.22,0.7606246837721133,0.7376221084292198,0.8284651463508056
0.4200000000000001,0.22,0.7606246837721133,0.7376221084292198,0.8284651463508056
0.4400000000000001,0.22,0.7606246837721133,0.7376221084292198,0.8284651463508056
0.46000000000000013,0.22,0.7606246837721133,0.7376221084292198,0.8284651463508056
0.48000000000000015,0.22,0.7606246837721133,0.7376221084292198,0.8284651463508056
0.34,0.18,0.7606216500707703,0.7350753374026892,0.8323416116697369
0.36000000000000004,0.18,0.7606216500707703,0.7350753374026892,0.8323416116697369
0.38000000000000006,0.18,0.7606216500707703,0.7350753374026892,0.8323416116697369
0.4000000000000001,0.18,0.7606216500707703,0.7350753374026892,0.8323416116697369
0.4200000000000001,0.18,0.7606216500707703,0.7350753374026892,0.8323416116697369
0.4400000000000001,0.18,0.7606216500707703,0.7350753374026892,0.8323416116697369
0.46000000000000013,0.18,0.7606216500707703,0.7350753374026892,0.8323416116697369
0.5000000000000002,0.16,0.760619927651647,0.7343064819878272,0.8335859150366721
0.5000000000000002,0.22,0.760608678166449,0.7376186820821387,0.8284401269607784
0.48000000000000015,0.18,0.7605948410886867,0.735080724503251,0.8322362960192637
0.5200000000000002,0.22,0.760585778717815,0.7376505664057909,0.8282982714917699
0.5400000000000003,0.22,0.7605809682940857,0.7377128722555777,0.8281517763796373
0.5200000000000002,0.16,0.7605665746766529,0.7343902028016571,0.83323281515491
0.5400000000000003,0.16,0.7605524391635963,0.7345048217791386,0.8329644474236977
0.34,0.2,0.7605364935746142,0.7362239616463557,0.830289498062771
0.36000000000000004,0.2,0.7605364935746142,0.7362239616463557,0.830289498062771
0.38000000000000006,0.2,0.7605364935746142,0.7362239616463557,0.830289498062771
0.4000000000000001,0.2,0.7605364935746142,0.7362239616463557,0.830289498062771
0.4200000000000001,0.2,0.7605364935746142,0.7362239616463557,0.830289498062771
0.4400000000000001,0.2,0.7605364935746142,0.7362239616463557,0.830289498062771
0.46000000000000013,0.2,0.7605364935746142,0.7362239616463557,0.830289498062771
0.5600000000000003,0.22,0.7605238196236167,0.7378430655259113,0.8277798843388692
0.5000000000000002,0.14,0.760507184941408,0.7332017217888651,0.8349744300683611
0.5000000000000002,0.18,0.7605062514746566,0.7350785756665019,0.8319633246729047
0.6000000000000003,0.22,0.7604968949740092,0.7383689082062634,0.8269843124630777
0.5800000000000003,0.22,0.7604927695026663,0.7380610077231196,0.827413883904762
0.48000000000000015,0.2,0.7604921901458498,0.7362005923491002,0.8301984622106671
0.5200000000000002,0.14,0.7604653781416695,0.7333147847537487,0.8346020138481313
0.5000000000000002,0.2,0.7604652989486067,0.7362157042174907,0.8300566067416586
0.5200000000000002,0.2,0.7604487458054812,0.7362933120787919,0.8298453623289048
0.5200000000000002,0.18,0.7604470904924024,0.7351399863368164,0.8316352441811697
0.5400000000000003,0.18,0.7604275043587918,0.7352449686285697,0.8313668764499575
0.5400000000000003,0.2,0.7604132619627912,0.7363635946407489,0.8295769945976926
0.5600000000000003,0.18,0.7603984593240387,0.7355190525695936,0.8308588319917406
0.5400000000000003,0.14,0.76036878594933,0.7334218859075627,0.8341258756711536
0.5600000000000003,0.2,0.7602824233111136,0.7364542480845059,0.8290689501394756
0.6800000000000004,0.0,0.7602782584526908,0.746534007438013,0.8146514475349892
0.6800000000000004,0.02,0.7602782584526908,0.746534007438013,0.8146514475349892
0.6800000000000004,0.04,0.7602782584526908,0.746534007438013,0.8146514475349892
0.6800000000000004,0.06,0.7602782584526908,0.746534007438013,0.8146514475349892
0.6800000000000004,0.08,0.7602782584526908,0.746534007438013,0.8146514475349892
0.6800000000000004,0.1,0.7602782584526908,0.746534007438013,0.8146514475349892
0.6800000000000004,0.12,0.7602782584526908,0.746534007438013,0.8146514475349892
0.6800000000000004,0.14,0.7602782584526908,0.746534007438013,0.8146514475349892
0.6800000000000004,0.16,0.7602782584526908,0.746534007438013,0.8146514475349892
0.6800000000000004,0.18,0.7602782584526908,0.746534007438013,0.8146514475349892
0.6800000000000004,0.2,0.7602782584526908,0.746534007438013,0.8146514475349892
0.6800000000000004,0.22,0.7602782584526908,0.746534007438013,0.8146514475349892
0.6800000000000004,0.24,0.7602782584526908,0.746534007438013,0.8146514475349892
0.6800000000000004,0.26,0.7602782584526908,0.746534007438013,0.8146514475349892
0.6800000000000004,0.28,0.7602782584526908,0.746534007438013,0.8146514475349892
0.6800000000000004,0.3,0.7602782584526908,0.746534007438013,0.8146514475349892
0.34,0.04,0.760276157097514,0.7272869010780776,0.8436076820215653
0.36000000000000004,0.04,0.760276157097514,0.7272869010780776,0.8436076820215653
0.38000000000000006,0.04,0.760276157097514,0.7272869010780776,0.8436076820215653
0.5600000000000003,0.16,0.7602580777388704,0.7346642997543525,0.8319055510151521
0.6000000000000003,0.0,0.7602525671324035,0.7374042529415361,0.8277639666767946
0.6000000000000003,0.02,0.7602525671324035,0.7374042529415361,0.8277639666767946
0.6000000000000003,0.04,0.7602525671324035,0.7374042529415361,0.8277639666767946
0.6000000000000003,0.06,0.7602525671324035,0.7374042529415361,0.8277639666767946
0.6000000000000003,0.08,0.7602525671324035,0.7374042529415361,0.8277639666767946
0.6000000000000003,0.1,0.7602525671324035,0.7374042529415361,0.8277639666767946
0.6000000000000003,0.12,0.7602525671324035,0.7374042529415361,0.8277639666767946
0.6000000000000003,0.14,0.7602525671324035,0.7374042529415361,0.8277639666767946
0.6000000000000003,0.16,0.7602525671324035,0.7374042529415361,0.8277639666767946
0.6000000000000003,0.18,0.7602525671324035,0.7374042529415361,0.8277639666767946
0.6000000000000003,0.2,0.7602525671324035,0.7374042529415361,0.8277639666767946
0.4400000000000001,0.04,0.7602336873778597,0.7274525541604259,0.8432650707442787
0.4000000000000001,0.04,0.7602201114603208,0.7272666741682926,0.8434920236764084
0.48000000000000015,0.12,0.7602131054510091,0.731649982524447,0.836744647172013
0.4200000000000001,0.04,0.7601969736023431,0.727326880394003,0.8433869433633583
0.5600000000000003,0.14,0.7601962842077442,0.7339248620641281,0.8329231986602419
0.46000000000000013,0.12,0.7601849853017282,0.7314985381335597,0.8369101085079607
0.5800000000000003,0.2,0.760166205450573,0.7366431599079969,0.8285259679409127
0.5800000000000003,0.18,0.7601659536878305,0.7357238957594573,0.8299673873517853
0.46000000000000013,0.04,0.7601503253230053,0.7274941237865635,0.842928701895932
0.4400000000000001,0.12,0.7601410028827863,0.7314254539852153,0.8369439742592844
0.48000000000000015,0.1,0.7601288243495264,0.7304290450875608,0.8382884069618783
0.7200000000000004,0.0,0.7601129454556412,0.7516106666434407,0.8072664005765028
0.7200000000000004,0.02,0.7601129454556412,0.7516106666434407,0.8072664005765028
0.7200000000000004,0.04,0.7601129454556412,0.7516106666434407,0.8072664005765028
0.7200000000000004,0.06,0.7601129454556412,0.7516106666434407,0.8072664005765028
0.7200000000000004,0.08,0.7601129454556412,0.7516106666434407,0.8072664005765028
0.7200000000000004,0.1,0.7601129454556412,0.7516106666434407,0.8072664005765028
0.7200000000000004,0.12,0.7601129454556412,0.7516106666434407,0.8072664005765028
0.7200000000000004,0.14,0.7601129454556412,0.7516106666434407,0.8072664005765028
0.7200000000000004,0.16,0.7601129454556412,0.7516106666434407,0.8072664005765028
0.7200000000000004,0.18,0.7601129454556412,0.7516106666434407,0.8072664005765028
0.7200000000000004,0.2,0.7601129454556412,0.7516106666434407,0.8072664005765028
0.7200000000000004,0.22,0.7601129454556412,0.7516106666434407,0.8072664005765028
0.7200000000000004,0.24,0.7601129454556412,0.7516106666434407,0.8072664005765028
0.7200000000000004,0.26,0.7601129454556412,0.7516106666434407,0.8072664005765028
0.7200000000000004,0.28,0.7601129454556412,0.7516106666434407,0.8072664005765028
0.7200000000000004,0.3,0.7601129454556412,0.7516106666434407,0.8072664005765028
0.34,0.12,0.7601111277945423,0.7313786401514142,0.8369439742592844
0.36000000000000004,0.12,0.7601111277945423,0.7313786401514142,0.8369439742592844
0.38000000000000006,0.12,0.7601111277945423,0.7313786401514142,0.8369439742592844
0.4000000000000001,0.12,0.7601111277945423,0.7313786401514142,0.8369439742592844
0.4200000000000001,0.12,0.7601111277945423,0.7313786401514142,0.8369439742592844
0.46000000000000013,0.1,0.7600685927870393,0.7302242071999611,0.8384589048379244
0.7000000000000004,0.0,0.7600381471379399,0.7488355038561713,0.811038529179716
0.7000000000000004,0.02,0.7600381471379399,0.7488355038561713,0.811038529179716
0.7000000000000004,0.04,0.7600381471379399,0.7488355038561713,0.811038529179716
0.7000000000000004,0.06,0.7600381471379399,0.7488355038561713,0.811038529179716
0.7000000000000004,0.08,0.7600381471379399,0.7488355038561713,0.811038529179716
0.7000000000000004,0.1,0.7600381471379399,0.7488355038561713,0.811038529179716
0.7000000000000004,0.12,0.7600381471379399,0.7488355038561713,0.811038529179716
0.7000000000000004,0.14,0.7600381471379399,0.7488355038561713,0.811038529179716
0.7000000000000004,0.16,0.7600381471379399,0.7488355038561713,0.811038529179716
0.7000000000000004,0.18,0.7600381471379399,0.7488355038561713,0.811038529179716
0.7000000000000004,0.2,0.7600381471379399,0.7488355038561713,0.811038529179716
0.7000000000000004,0.22,0.7600381471379399,0.7488355038561713,0.811038529179716
0.7000000000000004,0.24,0.7600381471379399,0.7488355038561713,0.811038529179716
0.7000000000000004,0.26,0.7600381471379399,0.7488355038561713,0.811038529179716
0.7000000000000004,0.28,0.7600381471379399,0.7488355038561713,0.811038529179716
0.7000000000000004,0.3,0.7600381471379399,0.7488355038561713,0.811038529179716
0.48000000000000015,0.04,0.7600314115240167,0.7276356092273,0.8423244577630253
0.48000000000000015,0.08,0.7600216622940118,0.7294308809760935,0.83966767271525
0.5800000000000003,0.0,0.7600210224881241,0.7350584749000602,0.8306760820079795
0.5800000000000003,0.02,0.7600210224881241,0.7350584749000602,0.8306760820079795
0.5800000000000003,0.04,0.7600210224881241,0.7350584749000602,0.8306760820079795
0.5800000000000003,0.06,0.7600210224881241,0.7350584749000602,0.8306760820079795
0.5800000000000003,0.08,0.7600210224881241,0.7350584749000602,0.8306760820079795
0.5800000000000003,0.1,0.7600210224881241,0.7350584749000602,0.8306760820079795
0.5800000000000003,0.12,0.7600210224881241,0.7350584749000602,0.8306760820079795
0.5800000000000003,0.14,0.7600210224881241,0.7350584749000602,0.8306760820079795
0.5800000000000003,0.16,0.7600210224881241,0.7350584749000602,0.8306760820079795
0.4400000000000001,0.1,0.7600158540712392,0.7301305198379482,0.8384927705892482
0.5200000000000002,0.12,0.7599890334505504,0.7318749762314859,0.8356552511540456
0.48000000000000015,0.06,0.7599890289049763,0.728486894239111,0.8409347220257939
0.4400000000000001,0.06,0.7599837865484349,0.7282029444264816,0.8414508320084573
0.46000000000000013,0.06,0.7599759008932752,0.7282857690299861,0.8412559217321449
0.5000000000000002,0.12,0.7599740697946855,0.7316657931597237,0.8360327039143738
0.4200000000000001,0.1,0.7599679703492648,0.7300629602558093,0.8384927705892482
0.4400000000000001,0.08,0.7599533195190024,0.7291485510569813,0.8399939089616996
0.34,0.1,0.7599441982144479,0.7300145704405617,0.8384978071293466
0.36000000000000004,0.1,0.7599441982144479,0.7300145704405617,0.8384978071293466
0.38000000000000006,0.1,0.7599441982144479,0.7300145704405617,0.8384978071293466
0.4000000000000001,0.1,0.7599441982144479,0.7300145704405617,0.8384978071293466
0.46000000000000013,0.08,0.7599436401360687,0.7292064612987622,0.8398381705912962
0.5400000000000003,0.12,0.7599378855098808,0.7321109471160648,0.8351040885941434
0.4200000000000001,0.08,0.7598909274485582,0.7290544450583992,0.8399989455017979
0.4200000000000001,0.06,0.7598906862635021,0.728047208482291,0.8414558685485558
0.34,0.06,0.7598842214317671,0.7279750758547407,0.8415105469717346
0.36000000000000004,0.06,0.7598842214317671,0.7279750758547407,0.8415105469717346
0.38000000000000006,0.06,0.7598842214317671,0.7279750758547407,0.8415105469717346
0.34,0.08,0.7598820138746187,0.7290082053126471,0.8400286045349492
0.36000000000000004,0.08,0.7598820138746187,0.7290082053126471,0.8400286045349492
0.38000000000000006,0.08,0.7598820138746187,0.7290082053126471,0.8400286045349492
0.4000000000000001,0.06,0.7598718501644696,0.7279781008223183,0.8414859244786814
0.4000000000000001,0.08,0.7598672193984519,0.7290062837337978,0.8400039820418963
0.5000000000000002,0.1,0.7598602628385822,0.7304550216831701,0.8374596276252579
0.5200000000000002,0.1,0.7598583879527493,0.7307189694580355,0.8369770945518795
0.5600000000000003,0.0,0.7598113107938018,0.7329428731518436,0.8334538629251418
0.5600000000000003,0.02,0.7598113107938018,0.7329428731518436,0.8334538629251418
0.5600000000000003,0.04,0.7598113107938018,0.7329428731518436,0.8334538629251418
0.5600000000000003,0.06,0.7598113107938018,0.7329428731518436,0.8334538629251418
0.5600000000000003,0.08,0.7598113107938018,0.7329428731518436,0.8334538629251418
0.5600000000000003,0.1,0.7598113107938018,0.7329428731518436,0.8334538629251418
0.5600000000000003,0.12,0.7598113107938018,0.7329428731518436,0.8334538629251418
0.7400000000000004,0.0,0.7597883656963176,0.7543164090059175,0.803176812063348
0.7400000000000004,0.02,0.7597883656963176,0.7543164090059175,0.803176812063348
0.7400000000000004,0.04,0.7597883656963176,0.7543164090059175,0.803176812063348
0.7400000000000004,0.06,0.7597883656963176,0.7543164090059175,0.803176812063348
0.7400000000000004,0.08,0.7597883656963176,0.7543164090059175,0.803176812063348
0.7400000000000004,0.1,0.7597883656963176,0.7543164090059175,0.803176812063348
0.7400000000000004,0.12,0.7597883656963176,0.7543164090059175,0.803176812063348
0.7400000000000004,0.14,0.7597883656963176,0.7543164090059175,0.803176812063348
0.7400000000000004,0.16,0.7597883656963176,0.7543164090059175,0.803176812063348
0.7400000000000004,0.18,0.7597883656963176,0.7543164090059175,0.803176812063348
0.7400000000000004,0.2,0.7597883656963176,0.7543164090059175,0.803176812063348
0.7400000000000004,0.22,0.7597883656963176,0.7543164090059175,0.803176812063348
0.7400000000000004,0.24,0.7597883656963176,0.7543164090059175,0.803176812063348
0.7400000000000004,0.26,0.7597883656963176,0.7543164090059175,0.803176812063348
0.7400000000000004,0.28,0.7597883656963176,0.7543164090059175,0.803176812063348
0.7400000000000004,0.3,0.7597883656963176,0.7543164090059175,0.803176812063348
0.5000000000000002,0.08,0.7597834850596696,0.729502643307472,0.8388388933786297
0.5400000000000003,0.1,0.7597747016351492,0.7310584066731162,0.8362176645962386
0.38000000000000006,0.02,0.7597323969550456,0.725678792998964,0.8447953065674879
0.5000000000000002,0.06,0.7597260207261562,0.7285825101703636,0.8399695206572377
0.4000000000000001,0.02,0.7597133322835473,0.7257126426524295,0.8446796482223311
0.34,0.02,0.759712780636971,0.7256472069921548,0.8447953065674879
0.36000000000000004,0.02,0.759712780636971,0.7256472069921548,0.8447953065674879
0.4400000000000001,0.02,0.7597016646746756,0.725896604954333,0.8444080899472195
0.4200000000000001,0.02,0.7596782390010602,0.7257706010701965,0.8445549819563264
0.5200000000000002,0.08,0.7596466227250405,0.7297290525260293,0.8380444866674701
0.46000000000000013,0.02,0.7595963479765605,0.7259635050651503,0.8439498484797933
0.7600000000000005,0.0,0.7595816032684534,0.7573799802684046,0.7989955036674026
0.7600000000000005,0.02,0.7595816032684534,0.7573799802684046,0.7989955036674026
0.7600000000000005,0.04,0.7595816032684534,0.7573799802684046,0.7989955036674026
0.7600000000000005,0.06,0.7595816032684534,0.7573799802684046,0.7989955036674026
0.7600000000000005,0.08,0.7595816032684534,0.7573799802684046,0.7989955036674026
0.7600000000000005,0.1,0.7595816032684534,0.7573799802684046,0.7989955036674026
0.7600000000000005,0.12,0.7595816032684534,0.7573799802684046,0.7989955036674026
0.7600000000000005,0.14,0.7595816032684534,0.7573799802684046,0.7989955036674026
0.7600000000000005,0.16,0.7595816032684534,0.7573799802684046,0.7989955036674026
0.7600000000000005,0.18,0.7595816032684534,0.7573799802684046,0.7989955036674026
0.7600000000000005,0.2,0.7595816032684534,0.7573799802684046,0.7989955036674026
0.7600000000000005,0.22,0.7595816032684534,0.7573799802684046,0.7989955036674026
0.7600000000000005,0.24,0.7595816032684534,0.7573799802684046,0.7989955036674026
0.7600000000000005,0.26,0.7595816032684534,0.7573799802684046,0.7989955036674026
0.7600000000000005,0.28,0.7595816032684534,0.7573799802684046,0.7989955036674026
0.7600000000000005,0.3,0.7595816032684534,0.7573799802684046,0.7989955036674026
0.5000000000000002,0.04,0.7595815433551292,0.7276884652841205,0.840893991661253
0.5400000000000003,0.0,0.7595472051250283,0.7302300692979934,0.8370193077922994
0.5400000000000003,0.02,0.7595472051250283,0.7302300692979934,0.8370193077922994
0.5400000000000003,0.04,0.7595472051250283,0.7302300692979934,0.8370193077922994
0.5400000000000003,0.06,0.7595472051250283,0.7302300692979934,0.8370193077922994
0.5400000000000003,0.08,0.7595472051250283,0.7302300692979934,0.8370193077922994
0.5200000000000002,0.06,0.7595345593758447,0.7288361142445766,0.8389738131282797
0.7800000000000005,0.0,0.7595080389686628,0.7608620559705002,0.7946682673581001
0.7800000000000005,0.02,0.7595080389686628,0.7608620559705002,0.7946682673581001
0.7800000000000005,0.04,0.7595080389686628,0.7608620559705002,0.7946682673581001
0.7800000000000005,0.06,0.7595080389686628,0.7608620559705002,0.7946682673581001
0.7800000000000005,0.08,0.7595080389686628,0.7608620559705002,0.7946682673581001
0.7800000000000005,0.1,0.7595080389686628,0.7608620559705002,0.7946682673581001
0.7800000000000005,0.12,0.7595080389686628,0.7608620559705002,0.7946682673581001
0.7800000000000005,0.14,0.7595080389686628,0.7608620559705002,0.7946682673581001
0.7800000000000005,0.16,0.7595080389686628,0.7608620559705002,0.7946682673581001
0.7800000000000005,0.18,0.7595080389686628,0.7608620559705002,0.7946682673581001
0.7800000000000005,0.2,0.7595080389686628,0.7608620559705002,0.7946682673581001
0.7800000000000005,0.22,0.7595080389686628,0.7608620559705002,0.7946682673581001
0.7800000000000005,0.24,0.7595080389686628,0.7608620559705002,0.7946682673581001
0.7800000000000005,0.26,0.7595080389686628,0.7608620559705002,0.7946682673581001
0.7800000000000005,0.28,0.7595080389686628,0.7608620559705002,0.7946682673581001
0.7800000000000005,0.3,0.7595080389686628,0.7608620559705002,0.7946682673581001
0.48000000000000015,0.02,0.7594318179670148,0.7261295754336666,0.8432119644370979
0.5200000000000002,0.0,0.7593293388800153,0.7280764656775155,0.8395327486974489
0.5200000000000002,0.02,0.7593293388800153,0.7280764656775155,0.8395327486974489
0.5200000000000002,0.04,0.7593293388800153,0.7280764656775155,0.8395327486974489
0.8000000000000005,0.0,0.7592293641211212,0.7640797246447872,0.7898213851565088
0.8000000000000005,0.02,0.7592293641211212,0.7640797246447872,0.7898213851565088
0.8000000000000005,0.04,0.7592293641211212,0.7640797246447872,0.7898213851565088
0.8000000000000005,0.06,0.7592293641211212,0.7640797246447872,0.7898213851565088
0.8000000000000005,0.08,0.7592293641211212,0.7640797246447872,0.7898213851565088
0.8000000000000005,0.1,0.7592293641211212,0.7640797246447872,0.7898213851565088
0.8000000000000005,0.12,0.7592293641211212,0.7640797246447872,0.7898213851565088
0.8000000000000005,0.14,0.7592293641211212,0.7640797246447872,0.7898213851565088
0.8000000000000005,0.16,0.7592293641211212,0.7640797246447872,0.7898213851565088
0.8000000000000005,0.18,0.7592293641211212,0.7640797246447872,0.7898213851565088
0.8000000000000005,0.2,0.7592293641211212,0.7640797246447872,0.7898213851565088
0.8000000000000005,0.22,0.7592293641211212,0.7640797246447872,0.7898213851565088
0.8000000000000005,0.24,0.7592293641211212,0.7640797246447872,0.7898213851565088
0.8000000000000005,0.26,0.7592293641211212,0.7640797246447872,0.7898213851565088
0.8000000000000005,0.28,0.7592293641211212,0.7640797246447872,0.7898213851565088
0.8000000000000005,0.3,0.7592293641211212,0.7640797246447872,0.7898213851565088
0.38000000000000006,0.0,0.7592208998756436,0.724113298581334,0.8460116976342061
0.34,0.0,0.7591966026758978,0.7240610776607564,0.8460367170242333
0.4000000000000001,0.0,0.7591909799187733,0.7241530531925118,0.845871019899022
0.36000000000000004,0.0,0.7591810109201614,0.724057435098347,0.8460116976342061
0.4200000000000001,0.0,0.7591691378485517,0.7242397422993316,0.8457463536330173
0.4400000000000001,0.0,0.7591405867975572,0.7243489484927792,0.8454630395919747
0.46000000000000013,0.0,0.7590668149958723,0.7244676194883831,0.844985212171594
0.5000000000000002,0.02,0.7589825048669883,0.726320292847952,0.8416049472930673
0.48000000000000015,0.0,0.758920139862012,0.724725371024472,0.8441575234102727
0.5000000000000002,0.0,0.7585936729516968,0.7253877017389508,0.8420845093314114
