case,dice,precision,recall,tp,fp,fn,gt_voxels,pred_voxels,volume_ratio
FileB13_MT_L,0.45253940455341507,0.3392857142857143,0.6792849631966351,646,1258,305,951,1904,2.0021030494216614
FileU36_MT_L,0.6334776334776335,0.4705251875669882,0.9690949227373068,878,988,28,906,1866,2.0596026490066226
FileB13_MT_R,0.6648306251721289,0.5160324925181702,0.9342105263157895,1207,1132,85,1292,2339,1.8103715170278638
FileU46_MT_R,0.7958906764876914,0.6982993197278912,0.925191527715187,2053,887,166,2219,2940,1.3249211356466877
FileU42_MT_L,0.8192527768428138,0.8167785234899329,0.8217420661715057,1217,273,264,1481,1490,1.0060769750168805
FileU2_MT_L,0.8207019631171921,0.8700807265388496,0.7766268858365233,3449,515,992,4441,3964,0.8925917586129251
FileU7_MT_L,0.8522212148685403,0.9316864897834706,0.7852461123248939,6110,448,1671,7781,6558,0.842822259349698
FileU1_MT_R,0.8574664904663016,0.9229831335094493,0.8006345848757271,4542,379,1131,5673,4921,0.8674422704036665
FileB16_MT_R,0.9363680298253285,0.9510097232610322,0.9221703458592085,20344,1048,1717,22061,21392,0.9696749920674493
