slice,dice,precision,recall,tp,fp,fn,gt_voxels,pred_voxels,volume_ratio,disagreement
0,1.0,0.0,0.0,0,0,0,0,0,0.0,0
1,1.0,0.0,0.0,0,0,0,0,0,0.0,0
2,1.0,0.0,0.0,0,0,0,0,0,0.0,0
3,1.0,0.0,0.0,0,0,0,0,0,0.0,0
4,1.0,0.0,0.0,0,0,0,0,0,0.0,0
5,1.0,0.0,0.0,0,0,0,0,0,0.0,0
6,1.0,0.0,0.0,0,0,0,0,0,0.0,0
7,0.375,0.23076923076923078,1.0,3,10,0,3,13,4.333333333333333,10
8,0.6060606060606061,0.46511627906976744,0.8695652173913043,20,23,3,23,43,1.8695652173913044,26
9,0.5507246376811594,0.40425531914893614,0.8636363636363636,38,56,6,44,94,2.1363636363636362,62
10,0.6176470588235294,0.45985401459854014,0.9402985074626866,63,74,4,67,137,2.044776119402985,78
11,0.5674418604651162,0.41496598639455784,0.8970588235294118,61,86,7,68,147,2.161764705882353,93
12,0.6666666666666666,0.5111111111111111,0.9583333333333334,46,44,2,48,90,1.875,46
13,0.704,0.5641025641025641,0.9361702127659575,44,34,3,47,78,1.6595744680851063,37
14,0.7226890756302521,0.5733333333333334,0.9772727272727273,43,32,1,44,75,1.7045454545454546,33
15,0.7801418439716312,0.6626506024096386,0.9482758620689655,55,28,3,58,83,1.4310344827586208,31
16,0.7272727272727273,0.5909090909090909,0.9454545454545454,52,36,3,55,88,1.6,39
17,0.7135678391959799,0.5966386554621849,0.8875,71,48,9,80,119,1.4875,57
18,0.7579908675799086,0.6384615384615384,0.9325842696629213,83,47,6,89,130,1.4606741573033708,53
19,0.7796610169491526,0.6666666666666666,0.9387755102040817,92,46,6,98,138,1.4081632653061225,52
20,0.8784313725490196,0.7943262411347518,0.9824561403508771,112,29,2,114,141,1.236842105263158,31
21,0.9083969465648855,0.8814814814814815,0.937007874015748,119,16,8,127,135,1.062992125984252,24
22,0.9071428571428571,0.8698630136986302,0.9477611940298507,127,19,7,134,146,1.0895522388059702,26
23,0.9018181818181819,0.8671328671328671,0.9393939393939394,124,19,8,132,143,1.0833333333333333,27
24,0.8905660377358491,0.8368794326241135,0.9516129032258065,118,23,6,124,141,1.1370967741935485,29
25,0.9003690036900369,0.8531468531468531,0.953125,122,21,6,128,143,1.1171875,27
26,0.8978102189781022,0.8541666666666666,0.9461538461538461,123,21,7,130,144,1.1076923076923078,28
27,0.8793774319066148,0.8188405797101449,0.9495798319327731,113,25,6,119,138,1.1596638655462186,31
28,0.9053497942386831,0.859375,0.9565217391304348,110,18,5,115,128,1.1130434782608696,23
29,0.8660714285714286,0.7886178861788617,0.9603960396039604,97,26,4,101,123,1.2178217821782178,30
30,0.900990099009901,0.8504672897196262,0.9578947368421052,91,16,4,95,107,1.1263157894736842,20
31,0.8198757763975155,0.7333333333333333,0.9295774647887324,66,24,5,71,90,1.267605633802817,29
32,0.671875,0.5733333333333334,0.8113207547169812,43,32,10,53,75,1.4150943396226414,42
33,0.4594594594594595,0.40476190476190477,0.53125,17,25,15,32,42,1.3125,40
34,0.0,0.0,0.0,0,6,16,16,6,0.375,22
35,0.0,0.0,0.0,0,0,4,4,0,0.0,4
36,1.0,0.0,0.0,0,0,0,0,0,0.0,0
37,1.0,0.0,0.0,0,0,0,0,0,0.0,0
38,1.0,0.0,0.0,0,0,0,0,0,0.0,0
39,1.0,0.0,0.0,0,0,0,0,0,0.0,0
40,1.0,0.0,0.0,0,0,0,0,0,0.0,0
41,1.0,0.0,0.0,0,0,0,0,0,0.0,0
42,1.0,0.0,0.0,0,0,0,0,0,0.0,0
43,1.0,0.0,0.0,0,0,0,0,0,0.0,0
44,1.0,0.0,0.0,0,0,0,0,0,0.0,0
45,1.0,0.0,0.0,0,0,0,0,0,0.0,0
46,1.0,0.0,0.0,0,0,0,0,0,0.0,0
47,1.0,0.0,0.0,0,0,0,0,0,0.0,0
48,1.0,0.0,0.0,0,0,0,0,0,0.0,0
49,1.0,0.0,0.0,0,0,0,0,0,0.0,0
50,0.0,0.0,0.0,0,1,0,0,1,0.0,1
51,0.0,0.0,0.0,0,2,0,0,2,0.0,2
52,1.0,0.0,0.0,0,0,0,0,0,0.0,0
53,1.0,0.0,0.0,0,0,0,0,0,0.0,0
54,1.0,0.0,0.0,0,0,0,0,0,0.0,0
55,1.0,0.0,0.0,0,0,0,0,0,0.0,0
56,1.0,0.0,0.0,0,0,0,0,0,0.0,0
57,1.0,0.0,0.0,0,0,0,0,0,0.0,0
58,1.0,0.0,0.0,0,0,0,0,0,0.0,0
59,1.0,0.0,0.0,0,0,0,0,0,0.0,0
60,1.0,0.0,0.0,0,0,0,0,0,0.0,0
61,1.0,0.0,0.0,0,0,0,0,0,0.0,0
62,1.0,0.0,0.0,0,0,0,0,0,0.0,0
63,1.0,0.0,0.0,0,0,0,0,0,0.0,0
64,1.0,0.0,0.0,0,0,0,0,0,0.0,0
65,1.0,0.0,0.0,0,0,0,0,0,0.0,0
66,1.0,0.0,0.0,0,0,0,0,0,0.0,0
67,1.0,0.0,0.0,0,0,0,0,0,0.0,0
68,1.0,0.0,0.0,0,0,0,0,0,0.0,0
69,1.0,0.0,0.0,0,0,0,0,0,0.0,0
70,1.0,0.0,0.0,0,0,0,0,0,0.0,0
71,1.0,0.0,0.0,0,0,0,0,0,0.0,0
72,1.0,0.0,0.0,0,0,0,0,0,0.0,0
73,1.0,0.0,0.0,0,0,0,0,0,0.0,0
74,1.0,0.0,0.0,0,0,0,0,0,0.0,0
75,1.0,0.0,0.0,0,0,0,0,0,0.0,0
76,1.0,0.0,0.0,0,0,0,0,0,0.0,0
77,1.0,0.0,0.0,0,0,0,0,0,0.0,0
78,1.0,0.0,0.0,0,0,0,0,0,0.0,0
79,1.0,0.0,0.0,0,0,0,0,0,0.0,0
80,1.0,0.0,0.0,0,0,0,0,0,0.0,0
81,1.0,0.0,0.0,0,0,0,0,0,0.0,0
82,1.0,0.0,0.0,0,0,0,0,0,0.0,0
83,1.0,0.0,0.0,0,0,0,0,0,0.0,0
84,1.0,0.0,0.0,0,0,0,0,0,0.0,0
85,1.0,0.0,0.0,0,0,0,0,0,0.0,0
86,1.0,0.0,0.0,0,0,0,0,0,0.0,0
87,1.0,0.0,0.0,0,0,0,0,0,0.0,0
88,1.0,0.0,0.0,0,0,0,0,0,0.0,0
89,1.0,0.0,0.0,0,0,0,0,0,0.0,0
90,1.0,0.0,0.0,0,0,0,0,0,0.0,0
91,1.0,0.0,0.0,0,0,0,0,0,0.0,0
92,1.0,0.0,0.0,0,0,0,0,0,0.0,0
93,1.0,0.0,0.0,0,0,0,0,0,0.0,0
94,1.0,0.0,0.0,0,0,0,0,0,0.0,0
95,1.0,0.0,0.0,0,0,0,0,0,0.0,0
