case,base_dice,n_components,largest_comp,second_comp,third_comp,pred_voxels,gt_voxels,dice_keep_ge_0,dice_keep_ge_5,dice_keep_ge_10,dice_keep_ge_20,dice_keep_ge_30,dice_keep_ge_50,dice_keep_ge_75,dice_keep_ge_100
FileB13_MT_L,0.48960973137354286,2,1013,9,0,1022,951,0.48960973137354286,0.48960973137354286,0.4847250509164969,0.4847250509164969,0.4847250509164969,0.4847250509164969,0.4847250509164969,0.4847250509164969
FileB13_MT_R,0.7681111478663579,1,1731,0,0,1731,1292,0.7681111478663579,0.7681111478663579,0.7681111478663579,0.7681111478663579,0.7681111478663579,0.7681111478663579,0.7681111478663579,0.7681111478663579
FileB16_MT_R,0.9676504232441089,1,21649,0,0,21649,22061,0.9676504232441089,0.9676504232441089,0.9676504232441089,0.9676504232441089,0.9676504232441089,0.9676504232441089,0.9676504232441089,0.9676504232441089
FileU1_MT_R,0.8820224719101124,1,5007,0,0,5007,5673,0.8820224719101124,0.8820224719101124,0.8820224719101124,0.8820224719101124,0.8820224719101124,0.8820224719101124,0.8820224719101124,0.8820224719101124
FileU2_MT_L,0.7725576007208135,1,3328,0,0,3328,4441,0.7725576007208135,0.7725576007208135,0.7725576007208135,0.7725576007208135,0.7725576007208135,0.7725576007208135,0.7725576007208135,0.7725576007208135
FileU36_MT_L,0.6503728251864126,2,1503,5,0,1508,906,0.6503728251864126,0.6503728251864126,0.6517227065172271,0.6517227065172271,0.6517227065172271,0.6517227065172271,0.6517227065172271,0.6517227065172271
FileU42_MT_L,0.811193526635199,2,1483,2,0,1485,1481,0.811193526635199,0.8117408906882592,0.8117408906882592,0.8117408906882592,0.8117408906882592,0.8117408906882592,0.8117408906882592,0.8117408906882592
FileU46_MT_R,0.8340943683409436,3,2374,5,1,2380,2219,0.8340943683409436,0.8342757720748152,0.8351839756150664,0.8351839756150664,0.8351839756150664,0.8351839756150664,0.8351839756150664,0.8351839756150664
FileU7_MT_L,0.8289933651994007,1,6236,0,0,6236,7781,0.8289933651994007,0.8289933651994007,0.8289933651994007,0.8289933651994007,0.8289933651994007,0.8289933651994007,0.8289933651994007,0.8289933651994007
