case,original_dice,filtered_dice,change,original_precision,filtered_precision,original_recall,filtered_recall
FileB13_MT_L,0.45253940455341507,0.45253940455341507,0.0,0.3392857142857143,0.3392857142857143,0.6792849631966351,0.6792849631966351
FileU36_MT_L,0.6334776334776335,0.6334776334776335,0.0,0.4705251875669882,0.4705251875669882,0.9690949227373068,0.9690949227373068
FileB13_MT_R,0.6648306251721289,0.6648306251721289,0.0,0.5160324925181702,0.5160324925181702,0.9342105263157895,0.9342105263157895
FileU46_MT_R,0.7958906764876914,0.7958906764876914,0.0,0.6982993197278912,0.6982993197278912,0.925191527715187,0.925191527715187
FileU42_MT_L,0.8192527768428138,0.8192527768428138,0.0,0.8167785234899329,0.8167785234899329,0.8217420661715057,0.8217420661715057
FileU2_MT_L,0.8207019631171921,0.8207019631171921,0.0,0.8700807265388496,0.8700807265388496,0.7766268858365233,0.7766268858365233
FileU7_MT_L,0.8522212148685403,0.8522212148685403,0.0,0.9316864897834706,0.9316864897834706,0.7852461123248939,0.7852461123248939
FileU1_MT_R,0.8574664904663016,0.8574664904663016,0.0,0.9229831335094493,0.9229831335094493,0.8006345848757271,0.8006345848757271
FileB16_MT_R,0.9363680298253285,0.8307489277466182,-0.10561910207871028,0.9510097232610322,0.9437781109445277,0.9221703458592085,0.7418974661166765
