max_distance_mm,mean_dice,mean_precision,mean_recall,change_vs_original
0.5,0.0,0.0,0.0,-0.7591943127567827
1.0,0.3196546856584454,0.699043694070783,0.23125658346792266,-0.4395396270983373
1.5,0.43086486236877275,0.7218365446366181,0.35149332709307907,-0.32832945038801
2.0,0.49839545222320125,0.722496277791135,0.44108990973635953,-0.2607988605335815
2.5,0.5629780998467977,0.7217745953190339,0.5363254082268571,-0.19621621290998503
3.0,0.6024754420048785,0.7202625154359473,0.5997404777917288,-0.15671887075190427
3.5,0.6222575124213182,0.7193581297687414,0.6306253331335002,-0.13693680033546451
4.0,0.646401944650406,0.720719737324807,0.669468348447374,-0.11279236810637672
5.0,0.6858625083707676,0.7227859905099542,0.7328415219054789,-0.07333180438601516
6.0,0.7079302502531019,0.7231483314645301,0.767316574038758,-0.051264062503680874
8.0,0.7291500464821559,0.7222806727268963,0.7999994006609068,-0.030044266274626863
10.0,0.7401356886977781,0.7226130395704417,0.8152868648624791,-0.019058624059004603
12.0,0.7474588569702595,0.7232721887072215,0.8259921172544717,-0.011735455786523241
